id,number,timestamp
1,26,2025-01-07 02:55:04
1,81,2025-01-07 02:47:49
1,10,2025-01-07 02:30:58
1,54,2025-01-07 02:47:34
1,93,2025-01-07 02:25:08
1,73,2025-01-07 02:31:36
1,81,2025-01-07 02:00:08
1,97,2025-01-07 02:53:05
1,67,2025-01-07 02:53:42
1,81,2025-01-07 02:40:58
1,92,2025-01-07 02:45:24
1,39,2025-01-07 02:50:09
1,83,2025-01-07 02:10:50
1,88,2025-01-07 02:25:58
1,43,2025-01-07 02:40:08
1,34,2025-01-07 02:15:44
1,33,2025-01-07 02:07:07
1,57,2025-01-07 02:30:45
1,78,2025-01-07 02:37:52
1,35,2025-01-07 02:22:59
1,96,2025-01-07 02:10:29
1,56,2025-01-07 02:42:21
1,90,2025-01-07 02:08:36
1,30,2025-01-07 02:52:57
1,5,2025-01-07 02:26:40
1,9,2025-01-07 02:54:21
1,28,2025-01-07 02:00:42
1,89,2025-01-07 02:24:03
1,8,2025-01-07 02:28:33
1,78,2025-01-07 02:25:05
1,31,2025-01-07 02:46:02
1,98,2025-01-07 02:45:13
1,63,2025-01-07 01:57:46
1,28,2025-01-07 02:49:00
1,4,2025-01-07 02:29:43
1,47,2025-01-07 02:24:43
1,92,2025-01-07 02:57:05
1,57,2025-01-07 02:02:15
1,46,2025-01-07 02:25:22
1,47,2025-01-07 02:23:12
1,16,2025-01-07 01:57:13
1,24,2025-01-07 02:50:07
1,94,2025-01-07 02:38:54
1,66,2025-01-07 02:49:51
1,4,2025-01-07 02:23:45
1,82,2025-01-07 02:42:35
1,24,2025-01-07 02:53:35
1,72,2025-01-07 02:56:05
1,57,2025-01-07 02:33:40
1,5,2025-01-07 02:51:27
1,55,2025-01-07 02:50:25
1,79,2025-01-07 02:02:06
1,96,2025-01-07 02:24:27
1,58,2025-01-07 02:31:19
1,94,2025-01-07 02:27:33
1,78,2025-01-07 02:51:53
1,100,2025-01-07 01:58:18
1,29,2025-01-07 02:39:46
1,82,2025-01-07 02:35:05
1,87,2025-01-07 02:52:41
1,90,2025-01-07 02:12:19
1,23,2025-01-07 02:46:50
1,61,2025-01-07 02:05:55
1,54,2025-01-07 02:32:03
1,23,2025-01-07 02:01:37
1,93,2025-01-07 02:27:24
1,26,2025-01-07 02:02:17
1,67,2025-01-07 02:15:23
1,38,2025-01-07 02:32:28
1,78,2025-01-07 02:48:08
1,95,2025-01-07 02:16:04
1,1,2025-01-07 02:01:20
1,74,2025-01-07 02:22:43
1,89,2025-01-07 01:57:14
1,60,2025-01-07 02:35:37
1,96,2025-01-07 02:20:16
1,91,2025-01-07 01:59:43
1,31,2025-01-07 02:03:39
1,85,2025-01-07 02:37:38
1,46,2025-01-07 02:21:02
1,43,2025-01-07 02:13:43
1,97,2025-01-07 02:34:12
1,12,2025-01-07 02:49:27
1,70,2025-01-07 02:10:58
1,82,2025-01-07 02:10:43
1,79,2025-01-07 02:52:07
1,45,2025-01-07 02:38:33
1,64,2025-01-07 02:54:26
1,92,2025-01-07 02:21:12
1,73,2025-01-07 02:45:30
1,70,2025-01-07 02:38:35
1,96,2025-01-07 02:38:30
1,10,2025-01-07 02:07:24
1,23,2025-01-07 02:01:25
1,60,2025-01-07 02:00:18
1,26,2025-01-07 02:39:09
1,31,2025-01-07 02:22:02
1,92,2025-01-07 02:20:59
1,85,2025-01-07 02:23:33
1,90,2025-01-07 02:10:36
